name,x,y
1051498106,-3.6007744,55.9688068
1051503017,-3.6007147,55.9686407
10756047083,-3.5962173,55.9768339
10756047092,-3.5960585,55.9769203
10756047097,-3.5962619,55.9769693
1118687152,-3.6117079,55.9801672
1118687438,-3.5856722,55.9766457
1118687486,-3.5848877,55.977471
11305234656,-3.6141352,55.9674087
11305234657,-3.6142434,55.9675049
11765834421,-3.5842665,55.9795566
11765834422,-3.5840056,55.9795819
12057395695,-3.5832743,55.9811051
1245017210,-3.596315,55.9769317
1293046425,-3.5819458,55.9791572
1368354220,-3.6003446,55.9696139
1596861450,-3.5847958,55.9657862
1596861459,-3.5839048,55.9659459
1596861556,-3.6030989,55.9690984
1596861557,-3.6020024,55.9693201
1596861558,-3.6016792,55.969391
1596861575,-3.6158659,55.9720081
1596861576,-3.6167219,55.9728181
1596861578,-3.6169146,55.9729937
1596861581,-3.6180168,55.9730461
1596861584,-3.6161572,55.9732645
1596861587,-3.6157602,55.9734059
1596955265,-3.6213802,55.9753714
1596955287,-3.6130241,55.9757951
1596955352,-3.6220058,55.9771535
1596955398,-3.6218074,55.9773819
1596955401,-3.6152985,55.9773992
1596955444,-3.6172893,55.9781734
1596955449,-3.6181193,55.9783014
1596955497,-3.6205486,55.9787757
1596955526,-3.6184386,55.9791131
1596955531,-3.6178107,55.9791865
1596955533,-3.6230591,55.979258
1596955537,-3.6168529,55.9793628
1596955544,-3.6169818,55.979515
1596955547,-3.6167719,55.9795569
1596955549,-3.6244992,55.9795842
1596955567,-3.6187395,55.9797281
1596955568,-3.6234748,55.9797402
1596955593,-3.6242325,55.9799648
1596955595,-3.6244724,55.9799648
1596955602,-3.6198539,55.9800277
1596955608,-3.617505,55.9801325
1596955639,-3.6136268,55.9805916
1596955643,-3.6172743,55.9807503
1596955645,-3.6215527,55.9807761
1596955646,-3.6163041,55.9807903
1596979128,-3.6056121,55.9769244
1596979148,-3.5891743,55.9785644
1598385340,-3.5805572,55.9821274
1598385355,-3.5820324,55.9832967
1600534156,-3.5807318,55.9801448
1600534451,-3.5820791,55.9834231
1604219936,-3.6207637,55.9720245
1604219940,-3.6207796,55.9722462
1745469555,-3.5867167,55.9779668
1828387830,-3.6008878,55.9759705
190531705,-3.6279129,55.9743528
190531706,-3.6280846,55.9745028
190531708,-3.6285567,55.9750792
190531710,-3.6286747,55.9751872
190531721,-3.6288217,55.9765551
190531723,-3.628733,55.9770247
190531724,-3.628627,55.977537
190531728,-3.6285027,55.9779572
190531730,-3.6281749,55.9784613
190531733,-3.6278164,55.9788431
190531736,-3.6266684,55.9799716
190546518,-3.5960732,55.9769431
190546530,-3.5961739,55.9768328
190546579,-3.5942391,55.9783944
190546592,-3.5927991,55.979704
190546624,-3.589845,55.9816235
190546646,-3.5888686,55.9822211
190982225,-3.6136229,55.9807258
190982262,-3.6079819,55.9808842
192302049,-3.6195615,55.9719314
192302052,-3.6181341,55.9705931
192302066,-3.6157232,55.9713257
192302096,-3.6106539,55.9737826
192302099,-3.6109033,55.9746271
192302121,-3.5936993,55.9766012
192302145,-3.5965709,55.9756531
192408446,-3.6220547,55.9684277
192408456,-3.6213443,55.9685612
192408480,-3.62031,55.9686845
192649798,-3.6108084,55.9741
192649804,-3.6101142,55.9741534
194539562,-3.6201363,55.9680812
194539632,-3.6179682,55.968155
194539637,-3.6177014,55.9681739
194539641,-3.6180031,55.9682186
2119989689,-3.5825679,55.9788912
243662941,-3.6069775,55.9704719
243662951,-3.6051873,55.968011
243662958,-3.5977168,55.9681835
243662961,-3.6000864,55.9683959
243662966,-3.6257941,55.970731
243663887,-3.6220703,55.9699713
243978948,-3.6141442,55.9718927
243978956,-3.6152904,55.9714728
243978957,-3.6187331,55.9711311
243978959,-3.6211649,55.9679804
243978960,-3.6210375,55.9678945
243978962,-3.6210997,55.9678145
246815080,-3.5893841,55.9767567
270301397,-3.5973131,55.9752903
270302325,-3.5970047,55.9682802
270355622,-3.6198121,55.9792073
270355627,-3.6230575,55.979802
270356301,-3.6026327,55.9754339
270356304,-3.6022042,55.9741412
270356309,-3.5972952,55.9706843
270359880,-3.6075908,55.9748612
270360128,-3.6079283,55.9749599
270360130,-3.6089176,55.9759414
270786808,-3.6103875,55.9766145
27537583,-3.6260355,55.9707757
27537584,-3.6259561,55.9709137
27537585,-3.6257223,55.9708759
27537608,-3.6120918,55.9758309
27537609,-3.6110394,55.9758142
27537610,-3.6103591,55.9758603
27537612,-3.607286,55.9760055
27537620,-3.6001234,55.9769921
27537624,-3.5968203,55.9768015
27538528,-3.5971487,55.9755303
27538529,-3.5974716,55.9753654
27538532,-3.5982116,55.9753026
3062774875,-3.6045994,55.9739794
3063665400,-3.6246788,55.9751642
3063665401,-3.6245109,55.9751756
3200728288,-3.6036133,55.96697
3200728292,-3.597354,55.9673746
3200728294,-3.597049,55.9674358
3200728303,-3.6019191,55.9680662
3200728304,-3.6021864,55.9680742
3200728305,-3.601781,55.9681023
3200728316,-3.6007369,55.9687121
322847838,-3.5846428,55.9834736
324265802,-3.5868813,55.9805432
324265803,-3.585913,55.9803132
324265804,-3.5854145,55.9802639
324265840,-3.5837521,55.9800896
324265841,-3.5824936,55.9800663
324265842,-3.5817418,55.9800893
324275166,-3.5872397,55.9791021
324275172,-3.5881425,55.9784671
324275178,-3.5910752,55.9778553
324283197,-3.5826528,55.9838295
324283489,-3.5815801,55.9824141
324285229,-3.6055715,55.9760453
339398129,-3.6184798,55.9801954
343446534,-3.6088013,55.9748128
343450940,-3.5955427,55.9659118
353955657,-3.5998428,55.9703142
353955694,-3.6013234,55.971575
353955699,-3.6024496,55.9714182
353955704,-3.6007119,55.9702001
353955745,-3.6025316,55.9715996
355710025,-3.6001003,55.9702722
356714597,-3.6027903,55.9683145
356714602,-3.6025869,55.9676469
356714608,-3.6025309,55.9674559
356714616,-3.6028155,55.9668697
356714618,-3.6028838,55.9666509
357452771,-3.6200636,55.9789595
357457027,-3.6213828,55.9763626
359160584,-3.6041059,55.9673032
360026757,-3.6027729,55.9722258
360258485,-3.601424,55.9772337
360896791,-3.6034239,55.9673872
360896804,-3.6021946,55.9669735
3631353179,-3.5939513,55.9787626
3631353182,-3.5951908,55.9794995
3631529536,-3.610883,55.9751753
3631529539,-3.6096777,55.9756342
3633001748,-3.5820378,55.9804073
3633027114,-3.5858113,55.9766704
3633077013,-3.6134718,55.9800106
3633298359,-3.5946765,55.9779228
3633343332,-3.6122856,55.9790169
363994334,-3.5972554,55.9692842
363994336,-3.5984078,55.9691273
363994337,-3.5983103,55.9689155
363994344,-3.5979384,55.9697477
363994346,-3.5972606,55.9696734
363994353,-3.5956369,55.9700243
363994354,-3.5956073,55.9702573
363994358,-3.5955834,55.9706743
363994360,-3.595637,55.9709204
363994362,-3.5957765,55.9713947
363994363,-3.5958623,55.9716169
363994365,-3.5958194,55.9719951
366568174,-3.5972795,55.9734215
366568177,-3.5934746,55.974051
366568178,-3.5949742,55.9737159
366568179,-3.595169,55.9740972
366568180,-3.5939139,55.9739588
366568192,-3.596175,55.9735275
3673008044,-3.6227162,55.9771785
3673008045,-3.6225006,55.9771854
3673008046,-3.6229257,55.9771785
369817321,-3.6063606,55.9706812
369817324,-3.6056468,55.9702673
369817330,-3.6051268,55.9709086
369817333,-3.6046172,55.9704583
369817334,-3.6042416,55.96999
369817335,-3.6037267,55.9707165
369817338,-3.6041554,55.9710691
369817339,-3.603308,55.9715108
369817342,-3.6029866,55.9711013
369817343,-3.6102652,55.9734391
369817365,-3.6091454,55.9737326
373310017,-3.6036848,55.9682467
373310024,-3.6037341,55.9688316
373310057,-3.6046401,55.9682344
373310062,-3.6037499,55.9686716
373310105,-3.603525,55.9690016
379805113,-3.6084405,55.9737623
379805114,-3.6084921,55.9740332
379805123,-3.607117,55.9735863
379805129,-3.6065817,55.9740543
379805130,-3.6064526,55.9740356
379805131,-3.60576,55.9741328
379805133,-3.6058035,55.9742469
379805134,-3.6057074,55.974015
379805137,-3.6061855,55.9735667
379805138,-3.6085431,55.9756499
379805141,-3.6085043,55.9759673
382400472,-3.6091333,55.972444
382400474,-3.6082207,55.9728411
382400476,-3.6076777,55.9730974
382400479,-3.6065243,55.9728243
382400487,-3.6040937,55.9738647
382400490,-3.6047165,55.9735387
382400493,-3.6050747,55.9737483
382400499,-3.6060299,55.9734166
384747342,-3.5993958,55.9682957
384747345,-3.6001835,55.9675085
384747346,-3.6005522,55.9672863
384747347,-3.6007715,55.9670339
384747349,-3.6012246,55.9673851
384747354,-3.5998034,55.9668917
384747355,-3.5995523,55.9679903
384747359,-3.5982428,55.9671472
384747360,-3.6000325,55.967695
384747365,-3.6006285,55.9679963
384747366,-3.6009319,55.9678449
384747502,-3.5988169,55.9678485
384747504,-3.5987306,55.9679705
384750484,-3.6006206,55.9680864
410182009,-3.6055916,55.9686871
410182016,-3.6109775,55.9687836
410182021,-3.6098162,55.969592
410182022,-3.6076345,55.9683014
410182023,-3.607711,55.9689588
410182024,-3.6079124,55.9695025
410182025,-3.6082392,55.9699974
410182027,-3.6072193,55.9702115
410182030,-3.6092769,55.9698884
410182031,-3.6078386,55.9693602
410182032,-3.606558,55.9694752
410182033,-3.6076768,55.9688478
410182034,-3.6062069,55.9688762
410182035,-3.6088012,55.9699317
410182036,-3.6090283,55.9703833
410182037,-3.6075351,55.9701408
410182038,-3.6077995,55.970549
410182039,-3.6090732,55.9693975
410182040,-3.6087054,55.9689255
410182067,-3.6099985,55.9695743
410182068,-3.6101521,55.9700357
410184883,-3.6046011,55.9710482
410184891,-3.6061808,55.9711852
410184892,-3.603864,55.9713585
410184896,-3.6047185,55.9718907
410184897,-3.6030557,55.9715584
410184907,-3.6042139,55.9723336
4130110392,-3.5815542,55.9785666
4159941500,-3.5980265,55.9697306
4159941501,-3.5978334,55.9697651
416457717,-3.6106952,55.9693169
416457718,-3.6113046,55.9695325
416457719,-3.6119647,55.9688531
416457720,-3.6109175,55.9690429
416457723,-3.6097803,55.968959
4177041196,-3.5903119,55.976737
4177041197,-3.5903217,55.9770018
507056613,-3.6125185,55.9757012
507056618,-3.6126745,55.9757912
507056624,-3.6124958,55.9758398
548809636,-3.6193433,55.9789351
549304211,-3.591006,55.9791497
549304213,-3.5907114,55.9790275
549304245,-3.5939962,55.9774757
6576853833,-3.6069118,55.9747542
6576853836,-3.6012226,55.9755681
675994099,-3.6170519,55.9669198
675994116,-3.6186359,55.9691305
675994118,-3.6177296,55.9688049
675994135,-3.6145948,55.9691358
675994137,-3.616124,55.9689334
675994140,-3.6154407,55.96882
675994141,-3.6170503,55.9697915
675994142,-3.6164879,55.9692271
675994143,-3.6178831,55.9706267
675994144,-3.6191091,55.972063
675994145,-3.6182934,55.9712674
675994148,-3.6153215,55.9705282
675994155,-3.6136874,55.969042
675994156,-3.6135235,55.9691485
675994157,-3.6134052,55.9690975
675994159,-3.6138864,55.9695067
675994162,-3.6143516,55.9692653
675994163,-3.6144901,55.9693525
675994164,-3.6142233,55.970245
6790317437,-3.6252028,55.9803973
6790317438,-3.625435,55.9802354
6790317439,-3.6249748,55.9806013
681623158,-3.6181348,55.9723614
681623161,-3.6173006,55.9715646
681623163,-3.6163097,55.9718647
681623165,-3.6171582,55.9726748
683646440,-3.6160081,55.9680755
683646441,-3.6156717,55.9682611
683646444,-3.6149841,55.968433
683646448,-3.6156961,55.9690224
683646450,-3.6156863,55.9690689
683646460,-3.6213144,55.972226
683646462,-3.6197986,55.9721605
683646479,-3.6177244,55.9758163
683646481,-3.617712,55.9757338
683646483,-3.6166572,55.9754535
683646484,-3.6167592,55.9758839
683646486,-3.6145531,55.976344
683646487,-3.6149906,55.9762997
683646490,-3.6169535,55.9767471
683646492,-3.6139986,55.9763867
687142645,-3.6278447,55.9724983
687142647,-3.6264732,55.9721846
687142650,-3.6273782,55.9726537
687142652,-3.6271571,55.9729972
687142654,-3.6268418,55.9733802
687142657,-3.6255692,55.9733754
687142666,-3.6251486,55.9721069
687142667,-3.6247034,55.9732057
687142672,-3.6164043,55.9704307
687142673,-3.616095,55.9701091
691475165,-3.5981048,55.9705544
6951357516,-3.5829338,55.9826132
700350898,-3.5989201,55.9704283
700350901,-3.5991253,55.9707657
701192786,-3.6228006,55.9687099
701192791,-3.6230124,55.9686877
701192810,-3.6227701,55.9685726
701192858,-3.6215417,55.9689989
701192862,-3.6216543,55.969035
701192889,-3.6213593,55.969026
701192907,-3.6227272,55.9674288
701192922,-3.6227862,55.967699
701193010,-3.6222659,55.967714
701193012,-3.6221908,55.9678341
701193017,-3.622121,55.9676269
701194881,-3.6202066,55.968405
701194887,-3.6191673,55.9685984
701194890,-3.6189721,55.9686567
701194893,-3.6191062,55.9685276
701194898,-3.6204757,55.969084
701194899,-3.619986,55.9691611
701194900,-3.6199055,55.969065
701194908,-3.6200504,55.9692541
701197260,-3.6215256,55.9695003
701197261,-3.6213807,55.9692811
701197263,-3.6212144,55.9692962
701197267,-3.6214612,55.9691911
701197269,-3.6226176,55.9693963
701197273,-3.6227809,55.9697735
701197276,-3.6228613,55.9697885
701197278,-3.6226199,55.9697825
701197288,-3.6207088,55.9694804
701197295,-3.6207161,55.9701166
701197296,-3.6209194,55.9701968
701197298,-3.6208765,55.9700046
701197300,-3.6210169,55.9697249
701197308,-3.6230276,55.9692931
701197310,-3.6230652,55.9692061
701197311,-3.6232476,55.9693592
701207524,-3.6229793,55.9713405
701207534,-3.6228613,55.9712895
701207595,-3.6218153,55.9702148
701207602,-3.621885,55.9702898
701207630,-3.6216758,55.9701908
701207830,-3.6233206,55.9704052
701207833,-3.62321,55.9706651
701207838,-3.6233978,55.9708692
701207844,-3.6229579,55.9714366
701207882,-3.6239235,55.9710313
701207895,-3.6238376,55.9711154
701207934,-3.624063,55.9710163
701207972,-3.6227165,55.9706591
701207982,-3.6224751,55.9707732
701207994,-3.6227111,55.97059
701207997,-3.6238861,55.9704499
701208002,-3.6238323,55.9700377
701208005,-3.6235051,55.9697285
701208010,-3.6235641,55.9700587
701208012,-3.6234353,55.9701097
701208014,-3.6235158,55.9699896
701208019,-3.6245024,55.9704267
701208022,-3.6245887,55.9708362
701208024,-3.6244867,55.9708933
701208035,-3.624755,55.9708242
702179448,-3.6206266,55.9751797
702179450,-3.6200946,55.9758422
702179451,-3.6202996,55.9756374
702179453,-3.620727,55.9758066
702179454,-3.6208137,55.9757945
702179472,-3.6203386,55.9761975
702179476,-3.6190868,55.975801
702179483,-3.6195027,55.9755532
702179484,-3.6195113,55.975638
702179486,-3.6191652,55.9756351
702179493,-3.619158,55.9760585
702179494,-3.6198696,55.9760098
702181552,-3.6162256,55.9750698
702181553,-3.6159661,55.9746781
702181554,-3.6168799,55.9749437
711403226,-3.6212509,55.9792185
7521619353,-3.6007985,55.9772386
7521619356,-3.6007127,55.9769639
7521619363,-3.6012437,55.9768394
7552023854,-3.6007245,55.9744779
75632172,-3.6138872,55.9838123
75632175,-3.6137293,55.9835365
75632252,-3.6141545,55.975726
75632264,-3.6163371,55.9754463
75632270,-3.6178857,55.9754499
75632307,-3.6270519,55.9760652
75632310,-3.6288571,55.9761718
7604954373,-3.6256689,55.9754244
7711200217,-3.5822229,55.9834136
7843127560,-3.6102054,55.9746897
7843127561,-3.6102467,55.9748456
7853241881,-3.5960112,55.9771484
7853241886,-3.5953701,55.9767356
7853241946,-3.5913083,55.9775358
7853241947,-3.5915663,55.9776037
7865913823,-3.6154756,55.9759654
7865913824,-3.6153086,55.975521
7865913847,-3.6227444,55.9761906
7896352527,-3.6124393,55.9757372
7904768312,-3.619503,55.9753623
7916302488,-3.6006436,55.9721629
7937180598,-3.6012386,55.9674606
7937180599,-3.6013642,55.9673383
7937180600,-3.5999874,55.9668532
7937180601,-3.5996758,55.9667654
807926254,-3.6279559,55.9746289
8184632855,-3.5988045,55.9745364
8184632857,-3.5988057,55.9744043
8184632858,-3.5989068,55.9745565
8184916874,-3.6013551,55.9752392
8409091203,-3.6201318,55.9728143
863278826,-3.5825845,55.982317
863278832,-3.5837659,55.9820369
863280283,-3.5874003,55.9806364
863280284,-3.5863751,55.9804087
863280666,-3.5848321,55.9802382
863280667,-3.5842189,55.9801598
863280669,-3.5832735,55.9800581
863280951,-3.5874265,55.9810027
863281008,-3.587505,55.9804113
863281117,-3.5862757,55.9796101
863281188,-3.5853102,55.9796932
863281328,-3.5841415,55.9795692
863282277,-3.5863813,55.9815741
863282576,-3.5851145,55.9816489
863282875,-3.5833753,55.9811137
863283304,-3.5837577,55.978949
863283547,-3.5816776,55.9796739
863283549,-3.5815945,55.9792011
863283554,-3.5814887,55.9788762
863283871,-3.5825963,55.9797132
863284431,-3.5820856,55.9790283
863287125,-3.5890522,55.9790876
863287991,-3.591518,55.9788264
863288180,-3.5904977,55.9797101
863288190,-3.5897362,55.9799914
863288389,-3.5912597,55.9796493
863288643,-3.5904657,55.9779278
863288689,-3.5910927,55.9781097
863289064,-3.5888727,55.9800545
863289067,-3.5889986,55.9793594
863289336,-3.5880839,55.9788149
863289411,-3.589059,55.9800715
863289416,-3.5872583,55.9792154
863289460,-3.5882127,55.9793071
863290688,-3.5933947,55.9778184
863290868,-3.5915194,55.9775
863290939,-3.5927402,55.9780405
863291317,-3.5915939,55.9767097
863291410,-3.5922602,55.9762223
863291625,-3.5893622,55.9765836
863291849,-3.5889105,55.9765872
863291861,-3.5912525,55.976284
863296362,-3.5971728,55.9743906
863296554,-3.5978855,55.9743498
863296564,-3.5985994,55.9738181
863300334,-3.5947573,55.9701099
863300481,-3.5951113,55.9707643
863300981,-3.5966241,55.9714368
863301199,-3.5964846,55.9708003
863301406,-3.5965362,55.9700251
863303288,-3.5972143,55.9674239
863303607,-3.6001618,55.9687562
863304607,-3.599392,55.969436
863340675,-3.6255901,55.9715061
863341185,-3.6249703,55.9718994
863341749,-3.6245392,55.9737957
863342268,-3.6259662,55.9737236
863342584,-3.6274062,55.9735427
863343393,-3.6260355,55.9728752
863343439,-3.6256877,55.9721261
863343724,-3.6257845,55.9727816
863346017,-3.6083755,55.9766975
863354313,-3.6124468,55.9772817
863354329,-3.6124371,55.9775898
863354340,-3.6122201,55.9779765
863354605,-3.6133313,55.9767948
863355025,-3.6128341,55.9766413
863355034,-3.6141001,55.9771695
863356411,-3.6146824,55.9777863
863357711,-3.6130112,55.9751683
863358063,-3.6125473,55.9749745
863358079,-3.6115014,55.9748142
863358592,-3.6119328,55.9751945
863360514,-3.609093,55.9751335
863362246,-3.6071579,55.9749195
863371062,-3.6115622,55.9735691
863371712,-3.611517,55.9739128
863372585,-3.608798,55.9721438
863373591,-3.6091977,55.972501
863380318,-3.6258892,55.9760168
863381150,-3.6255204,55.976694
863382484,-3.6219577,55.9764876
863382486,-3.6221135,55.9762625
863383230,-3.6218378,55.9758333
863385431,-3.6179828,55.9749051
863385918,-3.6138679,55.9750615
863385922,-3.6138084,55.9748796
863387612,-3.6269903,55.9746229
863387614,-3.6260487,55.9746289
863387616,-3.6249947,55.9746229
863387986,-3.6275589,55.9750071
863388430,-3.6247976,55.9751494
863388436,-3.624938,55.9754922
863389466,-3.6288246,55.9753327
863390293,-3.6292852,55.9752047
863390465,-3.6290542,55.9749006
863390466,-3.6289107,55.974701
863390544,-3.6296617,55.974767
863392345,-3.629415,55.976598
863392638,-3.6292138,55.977683
863392866,-3.6292326,55.9782068
863393261,-3.628619,55.978921
863393266,-3.6289644,55.9789091
863393268,-3.6293828,55.9789932
863393270,-3.6298978,55.9790712
863393424,-3.6287069,55.9785249
863393589,-3.6297261,55.978615
863393929,-3.6288571,55.9794374
863393940,-3.6278056,55.9794374
863394302,-3.6295115,55.9795994
863394366,-3.6270445,55.9796203
863395379,-3.6299836,55.9798816
863398069,-3.6263513,55.9802958
863398534,-3.6292986,55.9808857
863398689,-3.6290665,55.9815089
863398693,-3.6289214,55.9818984
863398827,-3.6282992,55.9814302
863399123,-3.6291716,55.9819322
863399125,-3.6275589,55.9817603
863399128,-3.6268401,55.9816643
863399361,-3.6265933,55.9821985
863399369,-3.6267542,55.9818264
863399543,-3.626883,55.9815442
863400534,-3.6255606,55.9796317
863400719,-3.6234782,55.9799902
863401384,-3.6254738,55.980006
863401606,-3.6274408,55.9792212
863401864,-3.6260107,55.9790169
863401873,-3.6238178,55.9791725
863402256,-3.625971,55.9792873
863402420,-3.6285605,55.9777667
863403257,-3.627237,55.9778466
863403264,-3.6268692,55.9783327
863404000,-3.6253917,55.9779187
863404289,-3.6251448,55.9779011
863404293,-3.6246299,55.9778646
863404435,-3.6250913,55.9781168
863404873,-3.6276559,55.9768527
863404878,-3.6263743,55.9767022
863404997,-3.6278031,55.9764777
863405139,-3.6264516,55.9764124
863405141,-3.6262071,55.9772763
8856171269,-3.5844108,55.9653032
885842628,-3.598255,55.9708305
8993552625,-3.6009543,55.9781452
9452529379,-3.6130199,55.9753062
9554344873,-3.6088736,55.9681999
9554344877,-3.6106951,55.9676781
9554344885,-3.6144027,55.9673198
9554344887,-3.6135418,55.9668367
9785409376,-3.6034822,55.9704811
